{
  "id": "foundryvtt-ai-assistant",
  "title": "FoundryVTT AI Assistant",
  "description": "Integração completa entre FoundryVTT e assistentes de IA (Manus, OpenAI, Claude)",
  "version": "1.0.0",
  "compatibility": {
    "minimum": "11",
    "verified": "12"
  },
  "authors": [
    {
      "name": "Desenvolvedor IA",
      "email": "dev@example.com"
    }
  ],
  "scripts": [
    "scripts/main.js"
  ],
  "styles": [
    "styles/main.css"
  ],
  "languages": [
    {
      "lang": "en",
      "name": "English",
      "path": "lang/en.json"
    },
    {
      "lang": "pt-BR", 
      "name": "Português (Brasil)",
      "path": "lang/pt-BR.json"
    }
  ],
  "socket": true,
  "url": "https://github.com/usuario/foundryvtt-ai-assistant",
  "manifest": "https://github.com/usuario/foundryvtt-ai-assistant/releases/latest/download/module.json",
  "download": "https://github.com/usuario/foundryvtt-ai-assistant/releases/latest/download/module.zip"
}
